shortName,playerId,playerDkId,position,teamAbbreviation,salary,jdt_players_points,name,startTime
J. Taylor,1065406,468700,RB,IND,9100,24,IND @ HOU,2022-09-11T17:00:00.0000000Z
D. Henry,732145,19898,RB,TEN,8600,24.5,NYG @ TEN,2022-09-11T20:25:00.0000000Z
C. McCaffrey,830517,20415,RB,CAR,8500,18.2,CLE @ CAR,2022-09-11T17:00:00.0000000Z
A. Ekeler,790004,19123,RB,LAC,8200,21.9,LV @ LAC,2022-09-11T20:25:00.0000000Z
D. Adams,611417,19493,WR,LV,8100,22.7,LV @ LAC,2022-09-11T20:25:00.0000000Z
D. Cook,824080,17070,RB,MIN,7900,16.9,GB @ MIN,2022-09-11T20:25:00.0000000Z
J. Jefferson,1069535,485454,WR,MIN,7800,20.7,GB @ MIN,2022-09-11T20:25:00.0000000Z
P. Mahomes,839031,11644,QB,KC,7700,25,KC @ ARI,2022-09-11T20:25:00.0000000Z
A. Kamara,750846,18573,RB,NO,7600,19,NO @ ATL,2022-09-11T17:00:00.0000000Z
J. Herbert,910562,468527,QB,LAC,7600,24.9,LV @ LAC,2022-09-11T20:25:00.0000000Z
D. Samuel,835749,19664,WR,SF,7400,21.4,SF @ CHI,2022-09-11T17:00:00.0000000Z
L. Jackson,877745,17173,QB,BAL,7300,22.3,BAL @ NYJ,2022-09-11T17:00:00.0000000Z
K. Murray,879799,17976,QB,ARI,7200,21.7,KC @ ARI,2022-09-11T20:25:00.0000000Z
J. Mixon,820727,13893,RB,CIN,7100,18.2,PIT @ CIN,2022-09-11T17:00:00.0000000Z
J. Chase,1109979,557826,WR,CIN,7100,18.9,PIT @ CIN,2022-09-11T17:00:00.0000000Z
Aa. Rodgers,213957,19742,QB,GB,7000,21.1,GB @ MIN,2022-09-11T20:25:00.0000000Z
K. Allen,557210,19006,WR,LAC,7000,16.9,LV @ LAC,2022-09-11T20:25:00.0000000Z
J. Conner,742390,18449,RB,ARI,7000,16.7,KC @ ARI,2022-09-11T20:25:00.0000000Z
J. Hurts,913271,479300,QB,PHI,6800,21.7,PHI @ DET,2022-09-11T17:00:00.0000000Z
D. Swift,1069808,485479,RB,DET,6800,16.6,PHI @ DET,2022-09-11T17:00:00.0000000Z
T. Hill,823156,11477,WR,MIA,6800,18.9,NE @ MIA,2022-09-11T17:00:00.0000000Z
M. Andrews,820699,16963,TE,BAL,6800,18.6,BAL @ NYJ,2022-09-11T17:00:00.0000000Z
A. Jones,741314,19636,RB,GB,6700,16.4,GB @ MIN,2022-09-11T20:25:00.0000000Z
M. Williams,733754,19387,WR,LAC,6600,16.2,LV @ LAC,2022-09-11T20:25:00.0000000Z
T. Kelce,448240,11557,TE,KC,6600,18.6,KC @ ARI,2022-09-11T20:25:00.0000000Z
D. Watson,828743,18229,QB,CLE,6600,,CLE @ CAR,2022-09-11T17:00:00.0000000Z
T. McLaurin,836116,20277,WR,WAS,6500,13.3,JAX @ WAS,2022-09-11T17:00:00.0000000Z
N. Chubb,822857,14430,RB,CLE,6500,16.5,CLE @ CAR,2022-09-11T17:00:00.0000000Z
A. Brown,944826,19839,WR,PHI,6400,15.6,PHI @ DET,2022-09-11T17:00:00.0000000Z
J. Waddle,1125749,558963,WR,MIA,6400,15.6,NE @ MIA,2022-09-11T17:00:00.0000000Z
J. Burrow,878785,485441,QB,CIN,6400,20.9,PIT @ CIN,2022-09-11T17:00:00.0000000Z
N. Harris,973964,558984,RB,PIT,6400,17.6,PIT @ CIN,2022-09-11T17:00:00.0000000Z
J. Jacobs,944416,12715,RB,LV,6300,15.7,LV @ LAC,2022-09-11T20:25:00.0000000Z
B. Cooks,607864,13498,WR,HOU,6300,15.2,IND @ HOU,2022-09-11T17:00:00.0000000Z
A. Mattison,944343,17287,RB,MIN,6200,8.3,GB @ MIN,2022-09-11T20:25:00.0000000Z
M. Brown,976220,17010,WR,ARI,6200,14.8,KC @ ARI,2022-09-11T20:25:00.0000000Z
K. Cousins,403308,17084,QB,MIN,6100,20.5,GB @ MIN,2022-09-11T20:25:00.0000000Z
S. Barkley,883302,18972,RB,NYG,6100,11.7,NYG @ TEN,2022-09-11T20:25:00.0000000Z
A. St. Brown,1127106,560800,WR,DET,6100,13.7,PHI @ DET,2022-09-11T17:00:00.0000000Z
T. Higgins,978579,468715,WR,CIN,6100,16.6,PIT @ CIN,2022-09-11T17:00:00.0000000Z
T. Lance,1130975,518128,QB,SF,6000,11.2,SF @ CHI,2022-09-11T17:00:00.0000000Z
D. Montgomery,946739,12882,RB,CHI,6000,15.6,SF @ CHI,2022-09-11T17:00:00.0000000Z
D. Moore,877790,20423,WR,CAR,6000,14.6,CLE @ CAR,2022-09-11T17:00:00.0000000Z
D. Johnson,891115,18611,WR,PIT,6000,17.6,PIT @ CIN,2022-09-11T17:00:00.0000000Z
M. Ingram II,456613,17165,RB,NO,5900,7.8,NO @ ATL,2022-09-11T17:00:00.0000000Z
D. Carr,496083,12350,QB,LV,5900,17.4,LV @ LAC,2022-09-11T20:25:00.0000000Z
G. Kittle,733672,19566,TE,SF,5900,13.6,SF @ CHI,2022-09-11T17:00:00.0000000Z
A. Cooper,650914,15091,WR,CLE,5900,14.2,CLE @ CAR,2022-09-11T17:00:00.0000000Z
C. Patterson,690153,12949,RB,ATL,5800,15,NO @ ATL,2022-09-11T17:00:00.0000000Z
H. Renfrow,841649,13034,WR,LV,5800,15.7,LV @ LAC,2022-09-11T20:25:00.0000000Z
A. Gibson,1107826,485498,RB,WAS,5800,14.9,JAX @ WAS,2022-09-11T17:00:00.0000000Z
M. Thomas,653699,18818,WR,NO,5700,,NO @ ATL,2022-09-11T17:00:00.0000000Z
K. Pitts,1123026,557862,TE,ATL,5700,10.9,NO @ ATL,2022-09-11T17:00:00.0000000Z
R. Tannehill,380960,20020,QB,TEN,5700,16.9,NYG @ TEN,2022-09-11T20:25:00.0000000Z
T. Tagovailoa,973947,468529,QB,MIA,5700,15,NE @ MIA,2022-09-11T17:00:00.0000000Z
D. Harris,884014,17769,RB,NE,5700,14.5,NE @ MIA,2022-09-11T17:00:00.0000000Z
D. Mooney,912027,485596,WR,CHI,5700,13.6,SF @ CHI,2022-09-11T17:00:00.0000000Z
K. Hunt,746613,14583,RB,CLE,5700,13.8,CLE @ CAR,2022-09-11T17:00:00.0000000Z
A. Lazard,837958,19670,WR,GB,5600,9,GB @ MIN,2022-09-11T20:25:00.0000000Z
T. Lawrence,1110711,542787,QB,JAX,5600,13.4,JAX @ WAS,2022-09-11T17:00:00.0000000Z
T. Etienne Jr.,978577,553669,RB,JAX,5600,,JAX @ WAS,2022-09-11T17:00:00.0000000Z
J. Robinson,943841,485785,RB,JAX,5600,12.8,JAX @ WAS,2022-09-11T17:00:00.0000000Z
R. Woods,555693,14251,WR,TEN,5600,15.6,NYG @ TEN,2022-09-11T20:25:00.0000000Z
Jame. Williams,1175184,624663,WR,DET,5600,,PHI @ DET,2022-09-11T17:00:00.0000000Z
J. Fields,1110681,560065,QB,CHI,5600,12.1,SF @ CHI,2022-09-11T17:00:00.0000000Z
J. Dobbins,976513,476830,RB,BAL,5600,,BAL @ NYJ,2022-09-11T17:00:00.0000000Z
M. Ryan,216263,11261,QB,IND,5500,14.8,IND @ HOU,2022-09-11T17:00:00.0000000Z
M. Pittman Jr.,911348,477191,WR,IND,5500,14.4,IND @ HOU,2022-09-11T17:00:00.0000000Z
C. Wentz,613866,17519,QB,WAS,5500,16.2,JAX @ WAS,2022-09-11T17:00:00.0000000Z
D. Smith,1060262,545016,WR,PHI,5500,11.4,PHI @ DET,2022-09-11T17:00:00.0000000Z
R. Stevenson,1174682,560810,RB,NE,5500,10.1,NE @ MIA,2022-09-11T17:00:00.0000000Z
B. Hall,1162537,631855,RB,NYJ,5500,,BAL @ NYJ,2022-09-11T17:00:00.0000000Z
A. Thielen,733643,17396,WR,MIN,5400,15.6,GB @ MIN,2022-09-11T20:25:00.0000000Z
D. Waller,600191,13162,TE,LV,5400,12.8,LV @ LAC,2022-09-11T20:25:00.0000000Z
J. Goff,727837,13631,QB,DET,5400,15.1,PHI @ DET,2022-09-11T17:00:00.0000000Z
M. Sanders,924261,17354,RB,PHI,5400,10,PHI @ DET,2022-09-11T17:00:00.0000000Z
C. Edwards-Helaire,976650,477346,RB,KC,5400,11.5,KC @ ARI,2022-09-11T20:25:00.0000000Z
D. Hopkins,560241,17810,WR,ARI,5400,14.7,KC @ ARI,2022-09-11T20:25:00.0000000Z
M. Jones,973945,545017,QB,NE,5400,14.7,NE @ MIA,2022-09-11T17:00:00.0000000Z
E. Mitchell,1050833,560890,RB,SF,5400,15.4,SF @ CHI,2022-09-11T17:00:00.0000000Z
C. Hubbard,1062047,560815,RB,CAR,5400,8.3,CLE @ CAR,2022-09-11T17:00:00.0000000Z
A. Dalton,322858,13492,QB,NO,5300,12.5,NO @ ATL,2022-09-11T17:00:00.0000000Z
J. Winston,691536,20214,QB,NO,5300,17.3,NO @ ATL,2022-09-11T17:00:00.0000000Z
A. Dillon,1060545,477267,RB,GB,5300,10.8,GB @ MIN,2022-09-11T20:25:00.0000000Z
D. Mills,1060311,560620,QB,HOU,5300,13.8,IND @ HOU,2022-09-11T17:00:00.0000000Z
B. Mayfield,748070,14690,QB,CAR,5300,14.5,CLE @ CAR,2022-09-11T17:00:00.0000000Z
S. Darnold,880026,19487,QB,CAR,5300,15.3,CLE @ CAR,2022-09-11T17:00:00.0000000Z
R. Bateman,1108208,560534,WR,BAL,5300,8.9,BAL @ NYJ,2022-09-11T17:00:00.0000000Z
M. Mariota,607843,19960,QB,ATL,5200,1.4,NO @ ATL,2022-09-11T17:00:00.0000000Z
Jama. Williams,695311,19817,RB,DET,5200,9.2,PHI @ DET,2022-09-11T17:00:00.0000000Z
C. McCoy,306296,20272,QB,ARI,5200,5.1,KC @ ARI,2022-09-11T20:25:00.0000000Z
R. Jones II,880033,20162,RB,KC,5200,5.1,KC @ ARI,2022-09-11T20:25:00.0000000Z
J. Smith-Schuster,835909,18852,WR,KC,5200,7.1,KC @ ARI,2022-09-11T20:25:00.0000000Z
C. Edmonds,832900,17682,RB,MIA,5200,11.5,NE @ MIA,2022-09-11T17:00:00.0000000Z
J. Garoppolo,555358,19505,QB,SF,5200,15.8,SF @ CHI,2022-09-11T17:00:00.0000000Z
K. Herbert,935104,560913,RB,CHI,5200,4.8,SF @ CHI,2022-09-11T17:00:00.0000000Z
B. Aiyuk,1107034,469980,WR,SF,5200,9.8,SF @ CHI,2022-09-11T17:00:00.0000000Z
J. Brissett,607047,20078,QB,CLE,5200,7.2,CLE @ CAR,2022-09-11T17:00:00.0000000Z
C. Watson,1067918,640851,WR,GB,5100,,GB @ MIN,2022-09-11T20:25:00.0000000Z
N. Hines,880146,11055,RB,IND,5100,6.7,IND @ HOU,2022-09-11T17:00:00.0000000Z
J. McKissic,608353,19363,RB,WAS,5100,11.6,JAX @ WAS,2022-09-11T17:00:00.0000000Z
C. Kirk,865801,17873,WR,JAX,5100,12.3,JAX @ WAS,2022-09-11T17:00:00.0000000Z
J. Wilson Jr.,834195,19751,RB,SF,5100,5,SF @ CHI,2022-09-11T17:00:00.0000000Z
Z. Wilson,1108052,557394,QB,NYJ,5100,12.6,BAL @ NYJ,2022-09-11T17:00:00.0000000Z
M. Carter,976329,546459,RB,NYJ,5100,11.3,BAL @ NYJ,2022-09-11T17:00:00.0000000Z
E. Moore,1128783,560591,WR,NYJ,5100,12.8,BAL @ NYJ,2022-09-11T17:00:00.0000000Z
J. Landry,589991,14668,WR,NO,5000,11.5,NO @ ATL,2022-09-11T17:00:00.0000000Z
D. London,1178741,630530,WR,ATL,5000,,NO @ ATL,2022-09-11T17:00:00.0000000Z
K. Drake,694588,14435,RB,LV,5000,8.5,LV @ LAC,2022-09-11T20:25:00.0000000Z
D. Jones,879981,19174,QB,NYG,5000,16.4,NYG @ TEN,2022-09-11T20:25:00.0000000Z
H. Haskins,1130230,641022,RB,TEN,5000,,NYG @ TEN,2022-09-11T20:25:00.0000000Z
T. Burks,1172024,640768,WR,TEN,5000,,NYG @ TEN,2022-09-11T20:25:00.0000000Z
T. Bridgewater,592195,18260,QB,MIA,5000,15.5,NE @ MIA,2022-09-11T17:00:00.0000000Z
T. Davis-Price,1161729,640923,RB,SF,5000,,SF @ CHI,2022-09-11T17:00:00.0000000Z
T. Huntley,913163,485720,QB,BAL,5000,12.8,BAL @ NYJ,2022-09-11T17:00:00.0000000Z
G. Edwards,739799,17079,RB,BAL,5000,,BAL @ NYJ,2022-09-11T17:00:00.0000000Z
M. Trubisky,728169,13158,QB,PIT,5000,1.3,PIT @ CIN,2022-09-11T17:00:00.0000000Z
S. Perine,820734,13936,RB,CIN,5000,4.9,PIT @ CIN,2022-09-11T17:00:00.0000000Z
C. Claypool,946094,477184,WR,PIT,5000,10.9,PIT @ CIN,2022-09-11T17:00:00.0000000Z
K. Osborn,881058,485601,WR,MIN,4900,9.3,GB @ MIN,2022-09-11T20:25:00.0000000Z
I. Spiller,1180332,631579,RB,LAC,4900,,LV @ LAC,2022-09-11T20:25:00.0000000Z
R. Burkhead,498760,17573,RB,HOU,4900,6.7,IND @ HOU,2022-09-11T17:00:00.0000000Z
M. Breida,750097,19435,RB,NYG,4900,4.9,NYG @ TEN,2022-09-11T20:25:00.0000000Z
S. Shepard,691278,19275,WR,NYG,4900,11.5,NYG @ TEN,2022-09-11T20:25:00.0000000Z
G. Minshew II,867303,20578,QB,PHI,4900,8.7,PHI @ DET,2022-09-11T17:00:00.0000000Z
T. Hockenson,923915,19265,TE,DET,4900,12.1,PHI @ DET,2022-09-11T17:00:00.0000000Z
D. Williams,822038,12101,RB,ARI,4900,10.4,KC @ ARI,2022-09-11T20:25:00.0000000Z
D. Johnson,839043,14618,RB,CLE,4900,6.5,CLE @ CAR,2022-09-11T17:00:00.0000000Z
C. Davis,732121,19864,WR,NYJ,4900,12.1,BAL @ NYJ,2022-09-11T17:00:00.0000000Z
D. Pierce,1108998,641002,RB,HOU,4800,,IND @ HOU,2022-09-11T17:00:00.0000000Z
K. Golladay,697295,19245,WR,NYG,4800,6.6,NYG @ TEN,2022-09-11T20:25:00.0000000Z
N. Westbrook-Ikhine,883259,488205,WR,TEN,4800,6.6,NYG @ TEN,2022-09-11T20:25:00.0000000Z
D. Chark Jr.,822008,20498,WR,DET,4800,8.6,PHI @ DET,2022-09-11T17:00:00.0000000Z
R. Mostert,606501,19614,RB,MIA,4800,2,NE @ MIA,2022-09-11T17:00:00.0000000Z
D. Parker,602241,14759,WR,NE,4800,10.4,NE @ MIA,2022-09-11T17:00:00.0000000Z
M. Gesicki,836152,14499,TE,MIA,4800,9.9,NE @ MIA,2022-09-11T17:00:00.0000000Z
R. Anderson,608360,19398,WR,CAR,4800,8.1,CLE @ CAR,2022-09-11T17:00:00.0000000Z
J. Flacco,216342,18625,QB,NYJ,4800,12.4,BAL @ NYJ,2022-09-11T17:00:00.0000000Z
B. Snell Jr.,920062,18858,RB,PIT,4800,1,PIT @ CIN,2022-09-11T17:00:00.0000000Z
C. Evans,946019,560898,RB,CIN,4800,2.9,PIT @ CIN,2022-09-11T17:00:00.0000000Z
T. Boyd,742387,13398,WR,CIN,4800,11,PIT @ CIN,2022-09-11T17:00:00.0000000Z
D. Williams,691283,12080,RB,ATL,4700,5.1,NO @ ATL,2022-09-11T17:00:00.0000000Z
J. Love,912137,470097,QB,GB,4700,4.2,GB @ MIN,2022-09-11T20:25:00.0000000Z
S. Watkins,602118,12050,WR,GB,4700,5.5,GB @ MIN,2022-09-11T20:25:00.0000000Z
Z. White,1110697,624660,RB,LV,4700,,LV @ LAC,2022-09-11T20:25:00.0000000Z
M. Mack,840760,11113,RB,HOU,4700,2.2,IND @ HOU,2022-09-11T17:00:00.0000000Z
M. Valdes-Scantling,742382,19807,WR,KC,4700,8.2,KC @ ARI,2022-09-11T20:25:00.0000000Z
S. Michel,823041,17958,RB,MIA,4700,7.8,NE @ MIA,2022-09-11T17:00:00.0000000Z
G. Wilson,1164889,640761,WR,NYJ,4700,,BAL @ NYJ,2022-09-11T17:00:00.0000000Z
T. Hill,503184,18521,QB,NO,4600,10.8,NO @ ATL,2022-09-11T17:00:00.0000000Z
K. Gainwell,1130705,560844,RB,PHI,4600,8.3,PHI @ DET,2022-09-11T17:00:00.0000000Z
A. Green,458093,13671,WR,ARI,4600,9.6,KC @ ARI,2022-09-11T20:25:00.0000000Z
M. Hardman,922026,11461,WR,KC,4600,9.2,KC @ ARI,2022-09-11T20:25:00.0000000Z
T. Sermon,976236,546223,RB,SF,4600,2.8,SF @ CHI,2022-09-11T17:00:00.0000000Z
T. Coleman,696080,19465,RB,NYJ,4600,4.7,BAL @ NYJ,2022-09-11T17:00:00.0000000Z
T. Jones Jr.,946101,485725,RB,NO,4500,2,NO @ ATL,2022-09-11T17:00:00.0000000Z
T. Allgeier,1131198,631857,RB,ATL,4500,,NO @ ATL,2022-09-11T17:00:00.0000000Z
C. Olave,1122592,640762,WR,NO,4500,,NO @ ATL,2022-09-11T17:00:00.0000000Z
P. Lindsay,747861,18855,RB,IND,4500,3.2,IND @ HOU,2022-09-11T17:00:00.0000000Z
B. Robinson Jr.,973966,640926,RB,WAS,4500,,JAX @ WAS,2022-09-11T17:00:00.0000000Z
T. Taylor,399579,19340,QB,NYG,4500,14.5,NYG @ TEN,2022-09-11T20:25:00.0000000Z
D. Hilliard,821729,14559,RB,TEN,4500,9,NYG @ TEN,2022-09-11T20:25:00.0000000Z
B. Scott,749635,17361,RB,PHI,4500,6.5,PHI @ DET,2022-09-11T17:00:00.0000000Z
D. Goedert,791365,17055,TE,PHI,4500,11.6,PHI @ DET,2022-09-11T17:00:00.0000000Z
M. Gaskin,865895,14491,RB,MIA,4500,10.3,NE @ MIA,2022-09-11T17:00:00.0000000Z
M. Rudolph,823220,18793,QB,PIT,4500,9.7,PIT @ CIN,2022-09-11T17:00:00.0000000Z
K. Pickett,976924,636978,QB,PIT,4500,,PIT @ CIN,2022-09-11T17:00:00.0000000Z
B. Bolden,465752,17552,RB,LV,4400,7.3,LV @ LAC,2022-09-11T20:25:00.0000000Z
J. Kelley,878371,485541,RB,LAC,4400,1.8,LV @ LAC,2022-09-11T20:25:00.0000000Z
T. Williams,866041,471531,RB,IND,4400,3.2,IND @ HOU,2022-09-11T17:00:00.0000000Z
T. Heinicke,599113,20379,QB,WAS,4400,15.2,JAX @ WAS,2022-09-11T17:00:00.0000000Z
M. Jones Jr.,461620,19306,WR,JAX,4400,10.8,JAX @ WAS,2022-09-11T17:00:00.0000000Z
A. Williams,911713,485777,RB,NYG,4400,,NYG @ TEN,2022-09-11T20:25:00.0000000Z
Z. Ertz,503177,17013,TE,ARI,4400,10.3,KC @ ARI,2022-09-11T20:25:00.0000000Z
B. Pringle,913826,11813,WR,CHI,4400,8.3,SF @ CHI,2022-09-11T17:00:00.0000000Z
D. Foreman,835443,11010,RB,CAR,4400,11.1,CLE @ CAR,2022-09-11T17:00:00.0000000Z
D. Peoples-Jones,1050234,485611,WR,CLE,4400,8.1,CLE @ CAR,2022-09-11T17:00:00.0000000Z
M. Davis,694015,12522,RB,BAL,4400,8.3,BAL @ NYJ,2022-09-11T17:00:00.0000000Z
T. Badie,1124338,641091,RB,BAL,4400,,BAL @ NYJ,2022-09-11T17:00:00.0000000Z
T. Smith,838415,18806,WR,NO,4300,8,NO @ ATL,2022-09-11T17:00:00.0000000Z
K. Allen,822350,20328,QB,HOU,4300,4.5,IND @ HOU,2022-09-11T17:00:00.0000000Z
R. Armstead,884791,20477,RB,JAX,4300,6.3,JAX @ WAS,2022-09-11T17:00:00.0000000Z
M. Willis,976323,631230,QB,TEN,4300,,NYG @ TEN,2022-09-11T20:25:00.0000000Z
G. Brightwell,1068738,560892,RB,NYG,4300,0.2,NYG @ TEN,2022-09-11T20:25:00.0000000Z
J. Meyers,880151,17948,WR,NE,4300,11,NE @ MIA,2022-09-11T17:00:00.0000000Z
T. Marshall Jr.,1109285,560064,WR,CAR,4300,2.5,CLE @ CAR,2022-09-11T17:00:00.0000000Z
D. Ridder,1059684,640905,QB,ATL,4200,,NO @ ATL,2022-09-11T17:00:00.0000000Z
B. Edwards,910406,471670,WR,ATL,4200,6.8,NO @ ATL,2022-09-11T17:00:00.0000000Z
A. Abdullah,590796,15017,RB,LV,4200,5.3,LV @ LAC,2022-09-11T20:25:00.0000000Z
D. Ogunbowale,703015,20180,RB,HOU,4200,2.9,IND @ HOU,2022-09-11T17:00:00.0000000Z
N. Collins,1074698,560761,WR,HOU,4200,6,IND @ HOU,2022-09-11T17:00:00.0000000Z
C. Samuel,821389,20448,WR,WAS,4200,2,JAX @ WAS,2022-09-11T17:00:00.0000000Z
D. Slayton,880557,19304,WR,NYG,4200,5.4,NYG @ TEN,2022-09-11T20:25:00.0000000Z
T. Boyle,741447,19528,QB,DET,4200,6.1,PHI @ DET,2022-09-11T17:00:00.0000000Z
J. McKinnon,563824,19598,RB,KC,4200,5.5,KC @ ARI,2022-09-11T20:25:00.0000000Z
E. Benjamin,974627,485646,RB,ARI,4200,3.3,KC @ ARI,2022-09-11T20:25:00.0000000Z
J. White,556294,18125,RB,NE,4200,10.4,NE @ MIA,2022-09-11T17:00:00.0000000Z
K. Bourne,754412,19431,WR,NE,4200,11.6,NE @ MIA,2022-09-11T17:00:00.0000000Z
P. Freiermuth,1116662,560612,TE,PIT,4200,9.4,PIT @ CIN,2022-09-11T17:00:00.0000000Z
M. Brown,604724,13454,RB,NO,4100,3.2,NO @ ATL,2022-09-11T17:00:00.0000000Z
K. Nwangwu,946748,560809,RB,MIN,4100,2.1,GB @ MIN,2022-09-11T20:25:00.0000000Z
E. Stick,831007,19336,QB,LAC,4100,,LV @ LAC,2022-09-11T20:25:00.0000000Z
J. Metchie III,1160348,631227,WR,HOU,4100,,IND @ HOU,2022-09-11T17:00:00.0000000Z
J. Luton,821950,485614,QB,JAX,4100,,JAX @ WAS,2022-09-11T17:00:00.0000000Z
Z. Jones,746491,11695,WR,JAX,4100,7.1,JAX @ WAS,2022-09-11T17:00:00.0000000Z
K. Toney,974825,560529,WR,NYG,4100,8.5,NYG @ TEN,2022-09-11T20:25:00.0000000Z
K. Juszczyk,501150,19563,RB,SF,4100,3.9,SF @ CHI,2022-09-11T17:00:00.0000000Z
49ers,359,18465,DST,SF,4100,7.6,SF @ CHI,2022-09-11T17:00:00.0000000Z
J. McNichols,837594,19968,RB,PIT,4100,5.3,PIT @ CIN,2022-09-11T17:00:00.0000000Z
G. Pickens,1172053,624741,WR,PIT,4100,,PIT @ CIN,2022-09-11T17:00:00.0000000Z
I. Book,946092,560831,QB,NO,4000,4,NO @ ATL,2022-09-11T17:00:00.0000000Z
F. Franks,910377,561250,QB,ATL,4000,0,NO @ ATL,2022-09-11T17:00:00.0000000Z
D. Washington,714230,18844,RB,NO,4000,0.3,NO @ ATL,2022-09-11T17:00:00.0000000Z
A. Smith,977908,641163,RB,NO,4000,,NO @ ATL,2022-09-11T17:00:00.0000000Z
D. Ozigbo,866115,20600,RB,NO,4000,0.5,NO @ ATL,2022-09-11T17:00:00.0000000Z
A. Prentice,885540,564244,RB,NO,4000,0.7,NO @ ATL,2022-09-11T17:00:00.0000000Z
Q. Ollison,832473,11227,RB,ATL,4000,2.6,NO @ ATL,2022-09-11T17:00:00.0000000Z
C. Huntley,1058693,561417,RB,ATL,4000,,NO @ ATL,2022-09-11T17:00:00.0000000Z
A. Williams,944379,560882,RB,ATL,4000,1.4,NO @ ATL,2022-09-11T17:00:00.0000000Z
K. Smith,558973,11302,RB,ATL,4000,1,NO @ ATL,2022-09-11T17:00:00.0000000Z
O. Zaccheaus,883976,11349,WR,ATL,4000,5.3,NO @ ATL,2022-09-11T17:00:00.0000000Z
S. Mannion,557860,17263,QB,MIN,4000,13,GB @ MIN,2022-09-11T20:25:00.0000000Z
K. Mond,974492,546457,QB,MIN,4000,0.2,GB @ MIN,2022-09-11T20:25:00.0000000Z
D. Etling,728374,11073,QB,GB,4000,,GB @ MIN,2022-09-11T20:25:00.0000000Z
T. Chandler,1059576,641062,RB,MIN,4000,,GB @ MIN,2022-09-11T20:25:00.0000000Z
B. Koback,976149,641173,RB,MIN,4000,,GB @ MIN,2022-09-11T20:25:00.0000000Z
C. Ham,915397,17166,RB,MIN,4000,1.9,GB @ MIN,2022-09-11T20:25:00.0000000Z
J. Bargas,866049,485935,RB,MIN,4000,0,GB @ MIN,2022-09-11T20:25:00.0000000Z
K. Hill,1073153,560953,RB,GB,4000,0.5,GB @ MIN,2022-09-11T20:25:00.0000000Z
P. Taylor,943635,485722,RB,GB,4000,1.7,GB @ MIN,2022-09-11T20:25:00.0000000Z
T. Goodson,1168918,641290,RB,GB,4000,,GB @ MIN,2022-09-11T20:25:00.0000000Z
B. Baylor,1066286,641305,RB,GB,4000,,GB @ MIN,2022-09-11T20:25:00.0000000Z
C. Daniel,300101,12501,QB,LAC,4000,-0.2,LV @ LAC,2022-09-11T20:25:00.0000000Z
J. Stidham,865868,18079,QB,LV,4000,,LV @ LAC,2022-09-11T20:25:00.0000000Z
B. Peters,910977,642961,QB,LAC,4000,,LV @ LAC,2022-09-11T20:25:00.0000000Z
N. Mullens,748309,19617,QB,LV,4000,9.9,LV @ LAC,2022-09-11T20:25:00.0000000Z
C. Garbers,974916,642681,QB,LV,4000,,LV @ LAC,2022-09-11T20:25:00.0000000Z
L. Rountree III,1057673,560901,RB,LAC,4000,1.3,LV @ LAC,2022-09-11T20:25:00.0000000Z
L. Brown,1120545,641179,RB,LAC,4000,,LV @ LAC,2022-09-11T20:25:00.0000000Z
K. Marks Jr.,1067140,642959,RB,LAC,4000,,LV @ LAC,2022-09-11T20:25:00.0000000Z
G. Nabers,937230,485885,RB,LAC,4000,0.6,LV @ LAC,2022-09-11T20:25:00.0000000Z
Z. Horvath,1069366,641158,RB,LAC,4000,,LV @ LAC,2022-09-11T20:25:00.0000000Z
B. Brown,922451,641146,RB,LV,4000,,LV @ LAC,2022-09-11T20:25:00.0000000Z
S. McCormick,1166235,642684,RB,LV,4000,,LV @ LAC,2022-09-11T20:25:00.0000000Z
J. Johnson,820601,17826,RB,LV,4000,0.5,LV @ LAC,2022-09-11T20:25:00.0000000Z
N. Foles,403189,20521,QB,IND,4000,16.8,IND @ HOU,2022-09-11T17:00:00.0000000Z
S. Ehlinger,975829,560915,QB,IND,4000,0.3,IND @ HOU,2022-09-11T17:00:00.0000000Z
J. Coan,976563,641181,QB,IND,4000,,IND @ HOU,2022-09-11T17:00:00.0000000Z
K. Hogan,598962,18714,QB,HOU,4000,0,IND @ HOU,2022-09-11T17:00:00.0000000Z
D. Jackson,1056950,561348,RB,IND,4000,1,IND @ HOU,2022-09-11T17:00:00.0000000Z
D. Price,1065845,641202,RB,IND,4000,,IND @ HOU,2022-09-11T17:00:00.0000000Z
C. Verdell,1060296,642666,RB,IND,4000,,IND @ HOU,2022-09-11T17:00:00.0000000Z
R. Freeman,835779,18637,RB,HOU,4000,2.3,IND @ HOU,2022-09-11T17:00:00.0000000Z
D. Anderson,913387,485784,RB,HOU,4000,,IND @ HOU,2022-09-11T17:00:00.0000000Z
A. Janovich,651653,18761,RB,HOU,4000,0.9,IND @ HOU,2022-09-11T17:00:00.0000000Z
P. Quessenberry,605171,510837,RB,HOU,4000,0,IND @ HOU,2022-09-11T17:00:00.0000000Z
C. Beathard,691784,19417,QB,JAX,4000,0.8,JAX @ WAS,2022-09-11T17:00:00.0000000Z
K. Sloter,693430,18135,QB,JAX,4000,,JAX @ WAS,2022-09-11T17:00:00.0000000Z
S. Howell,1168245,641037,QB,WAS,4000,,JAX @ WAS,2022-09-11T17:00:00.0000000Z
C. Kelley,920904,641321,QB,WAS,4000,,JAX @ WAS,2022-09-11T17:00:00.0000000Z
J. Patterson,1108937,561249,RB,WAS,4000,3.3,JAX @ WAS,2022-09-11T17:00:00.0000000Z
N. Cottrell,877704,485726,RB,JAX,4000,0.1,JAX @ WAS,2022-09-11T17:00:00.0000000Z
S. Conner,1161114,641046,RB,JAX,4000,,JAX @ WAS,2022-09-11T17:00:00.0000000Z
M. Sargent,1129700,564039,RB,JAX,4000,0.2,JAX @ WAS,2022-09-11T17:00:00.0000000Z
R. Bonnafon,830860,20339,RB,WAS,4000,0.9,JAX @ WAS,2022-09-11T17:00:00.0000000Z
A. Armah,1049905,20330,RB,WAS,4000,0.8,JAX @ WAS,2022-09-11T17:00:00.0000000Z
J. Williams,693837,11282,RB,WAS,4000,4.1,JAX @ WAS,2022-09-11T17:00:00.0000000Z
L. Woodside,732107,20051,QB,TEN,4000,-0.1,NYG @ TEN,2022-09-11T20:25:00.0000000Z
D. Webb,733638,12167,QB,NYG,4000,-0.3,NYG @ TEN,2022-09-11T20:25:00.0000000Z
S. Platzgummer,1215108,487242,RB,NYG,4000,,NYG @ TEN,2022-09-11T20:25:00.0000000Z
J. Corbin,1128981,641225,RB,NYG,4000,,NYG @ TEN,2022-09-11T20:25:00.0000000Z
J. Hall,976225,642825,RB,NYG,4000,,NYG @ TEN,2022-09-11T20:25:00.0000000Z
T. Cannon,1075216,19457,RB,TEN,4000,0,NYG @ TEN,2022-09-11T20:25:00.0000000Z
J. Wilkins,749205,11275,RB,TEN,4000,0,NYG @ TEN,2022-09-11T20:25:00.0000000Z
J. Chestnut,1125846,641294,RB,TEN,4000,,NYG @ TEN,2022-09-11T20:25:00.0000000Z
T. Carter,976645,564049,RB,TEN,4000,0,NYG @ TEN,2022-09-11T20:25:00.0000000Z
R. Sinnett,887367,485822,QB,PHI,4000,,PHI @ DET,2022-09-11T17:00:00.0000000Z
C. Strong,1112575,641180,QB,PHI,4000,,PHI @ DET,2022-09-11T17:00:00.0000000Z
D. Blough,821297,19163,QB,DET,4000,0.6,PHI @ DET,2022-09-11T17:00:00.0000000Z
J. Huntley,914571,485594,RB,PHI,4000,5.1,PHI @ DET,2022-09-11T17:00:00.0000000Z
K. Brooks,1061999,641203,RB,PHI,4000,,PHI @ DET,2022-09-11T17:00:00.0000000Z
J. Jefferson,1128527,560952,RB,DET,4000,3.7,PHI @ DET,2022-09-11T17:00:00.0000000Z
G. Igwebuike,742451,19556,RB,DET,4000,1.7,PHI @ DET,2022-09-11T17:00:00.0000000Z
G. Bell,1107561,641772,RB,DET,4000,,PHI @ DET,2022-09-11T17:00:00.0000000Z
J. Cabinda,836140,19175,RB,DET,4000,1,PHI @ DET,2022-09-11T17:00:00.0000000Z
C. Reynolds,1167356,20296,RB,DET,4000,7.6,PHI @ DET,2022-09-11T17:00:00.0000000Z
C. Henne,264851,11472,QB,KC,4000,0.8,KC @ ARI,2022-09-11T20:25:00.0000000Z
T. McSorley,836164,17235,QB,ARI,4000,,KC @ ARI,2022-09-11T20:25:00.0000000Z
J. Guarantano,921458,643020,QB,ARI,4000,,KC @ ARI,2022-09-11T20:25:00.0000000Z
S. Buechele,911619,561251,QB,KC,4000,,KC @ ARI,2022-09-11T20:25:00.0000000Z
D. Crum,1060005,641530,QB,KC,4000,,KC @ ARI,2022-09-11T20:25:00.0000000Z
K. Ingram,1125882,641094,RB,ARI,4000,,KC @ ARI,2022-09-11T20:25:00.0000000Z
J. Ward,912553,486106,RB,ARI,4000,0.7,KC @ ARI,2022-09-11T20:25:00.0000000Z
R. Rivers,976804,641287,RB,ARI,4000,,KC @ ARI,2022-09-11T20:25:00.0000000Z
T. Pledger,1107843,643025,RB,ARI,4000,,KC @ ARI,2022-09-11T20:25:00.0000000Z
D. Gore,884044,19140,RB,KC,4000,4.3,KC @ ARI,2022-09-11T20:25:00.0000000Z
I. Pacheco,1106832,641144,RB,KC,4000,,KC @ ARI,2022-09-11T20:25:00.0000000Z
J. Ealy,1176738,641528,RB,KC,4000,,KC @ ARI,2022-09-11T20:25:00.0000000Z
T. Fleet-Davis,976421,641526,RB,KC,4000,,KC @ ARI,2022-09-11T20:25:00.0000000Z
M. Burton,556483,18277,RB,KC,4000,0.8,KC @ ARI,2022-09-11T20:25:00.0000000Z
R. Moore,1130270,560607,WR,ARI,4000,8.1,KC @ ARI,2022-09-11T20:25:00.0000000Z
B. Hoyer,264725,11071,QB,NE,4000,2.5,NE @ MIA,2022-09-11T17:00:00.0000000Z
B. Zappe,1058090,641028,QB,NE,4000,,NE @ MIA,2022-09-11T17:00:00.0000000Z
S. Thompson,913829,641142,QB,MIA,4000,,NE @ MIA,2022-09-11T17:00:00.0000000Z
P. Strong Jr.,1050335,631856,RB,NE,4000,,NE @ MIA,2022-09-11T17:00:00.0000000Z
K. Harris,1161190,641076,RB,NE,4000,,NE @ MIA,2022-09-11T17:00:00.0000000Z
J. Taylor,933537,485760,RB,NE,4000,3.9,NE @ MIA,2022-09-11T17:00:00.0000000Z
S. Ahmed,1049246,485711,RB,MIA,4000,3.2,NE @ MIA,2022-09-11T17:00:00.0000000Z
G. Doaks,911027,560941,RB,MIA,4000,,NE @ MIA,2022-09-11T17:00:00.0000000Z
Z. White,1058764,641199,RB,MIA,4000,,NE @ MIA,2022-09-11T17:00:00.0000000Z
A. Ingold,880322,12692,RB,MIA,4000,2.7,NE @ MIA,2022-09-11T17:00:00.0000000Z
J. Lovett,832213,11628,RB,MIA,4000,,NE @ MIA,2022-09-11T17:00:00.0000000Z
T. Siemian,546184,19689,QB,CHI,4000,15.7,SF @ CHI,2022-09-11T17:00:00.0000000Z
N. Sudfeld,696112,17394,QB,SF,4000,,SF @ CHI,2022-09-11T17:00:00.0000000Z
B. Purdy,1121761,641156,QB,SF,4000,,SF @ CHI,2022-09-11T17:00:00.0000000Z
N. Peterman,650974,13005,QB,CHI,4000,0.2,SF @ CHI,2022-09-11T17:00:00.0000000Z
J. Hasty,886641,485708,RB,SF,4000,3.7,SF @ CHI,2022-09-11T17:00:00.0000000Z
J. Mason,1116001,641370,RB,SF,4000,,SF @ CHI,2022-09-11T17:00:00.0000000Z
J. Hokit,944394,487249,RB,SF,4000,,SF @ CHI,2022-09-11T17:00:00.0000000Z
D. Evans,915030,485523,RB,CHI,4000,3.8,SF @ CHI,2022-09-11T17:00:00.0000000Z
T. Ebner,1066869,641098,RB,CHI,4000,,SF @ CHI,2022-09-11T17:00:00.0000000Z
D. Tuggle,1174038,641954,RB,CHI,4000,,SF @ CHI,2022-09-11T17:00:00.0000000Z
K. Blasingame,835845,15074,RB,CHI,4000,0.2,SF @ CHI,2022-09-11T17:00:00.0000000Z
M. Corral,1105824,630811,QB,CAR,4000,,CLE @ CAR,2022-09-11T17:00:00.0000000Z
P. Walker,749164,11253,QB,CAR,4000,3.6,CLE @ CAR,2022-09-11T17:00:00.0000000Z
J. Dobbs,741262,20514,QB,CLE,4000,,CLE @ CAR,2022-09-11T17:00:00.0000000Z
J. Rosen,868876,14841,QB,CLE,4000,-0.3,CLE @ CAR,2022-09-11T17:00:00.0000000Z
S. Brown,1059943,561374,RB,CAR,4000,0,CLE @ CAR,2022-09-11T17:00:00.0000000Z
D. Bradwell,912014,485824,RB,CAR,4000,0,CLE @ CAR,2022-09-11T17:00:00.0000000Z
J. Lovett,1066889,641249,RB,CAR,4000,,CLE @ CAR,2022-09-11T17:00:00.0000000Z
G. Ricci,885940,485739,RB,CAR,4000,0,CLE @ CAR,2022-09-11T17:00:00.0000000Z
J. Ford,1125737,641048,RB,CLE,4000,,CLE @ CAR,2022-09-11T17:00:00.0000000Z
D. Felton,914812,560907,RB,CLE,4000,3.2,CLE @ CAR,2022-09-11T17:00:00.0000000Z
J. Kelly Jr.,879766,13857,RB,CLE,4000,0.3,CLE @ CAR,2022-09-11T17:00:00.0000000Z
J. Stanton IV,728310,107436,RB,CLE,4000,2.3,CLE @ CAR,2022-09-11T17:00:00.0000000Z
B. Hundley,590420,17811,QB,BAL,4000,,BAL @ NYJ,2022-09-11T17:00:00.0000000Z
A. Brown,910766,641736,QB,BAL,4000,,BAL @ NYJ,2022-09-11T17:00:00.0000000Z
M. White,741785,18270,QB,NYJ,4000,13.8,BAL @ NYJ,2022-09-11T17:00:00.0000000Z
C. Streveler,728265,474580,QB,NYJ,4000,1,BAL @ NYJ,2022-09-11T17:00:00.0000000Z
T. Johnson,877784,19285,RB,NYJ,4000,7.4,BAL @ NYJ,2022-09-11T17:00:00.0000000Z
J. Hill,923109,17139,RB,BAL,4000,,BAL @ NYJ,2022-09-11T17:00:00.0000000Z
C. Clement,742470,19784,RB,BAL,4000,1.6,BAL @ NYJ,2022-09-11T17:00:00.0000000Z
N. McCrary,1284191,562605,RB,BAL,4000,-0.1,BAL @ NYJ,2022-09-11T17:00:00.0000000Z
R. Person Jr.,1107008,641760,RB,BAL,4000,,BAL @ NYJ,2022-09-11T17:00:00.0000000Z
P. Ricard,658389,17315,RB,BAL,4000,1.6,BAL @ NYJ,2022-09-11T17:00:00.0000000Z
L. Perine,922017,485549,RB,NYJ,4000,0.8,BAL @ NYJ,2022-09-11T17:00:00.0000000Z
Z. Knight,1163866,641170,RB,NYJ,4000,,BAL @ NYJ,2022-09-11T17:00:00.0000000Z
N. Bawden,823811,19154,RB,NYJ,4000,0.3,BAL @ NYJ,2022-09-11T17:00:00.0000000Z
B. Berrios,820866,19426,WR,NYJ,4000,7.6,BAL @ NYJ,2022-09-11T17:00:00.0000000Z
Ravens,366,18495,DST,BAL,4000,5,BAL @ NYJ,2022-09-11T17:00:00.0000000Z
D. Plitt,927353,658141,QB,CIN,4000,,PIT @ CIN,2022-09-11T17:00:00.0000000Z
B. Allen,604390,18356,QB,CIN,4000,2.3,PIT @ CIN,2022-09-11T17:00:00.0000000Z
C. Oladokun,947634,641138,QB,PIT,4000,,PIT @ CIN,2022-09-11T17:00:00.0000000Z
J. Browning,865844,17039,QB,CIN,4000,,PIT @ CIN,2022-09-11T17:00:00.0000000Z
J. Patrick,867047,485062,RB,CIN,4000,0.6,PIT @ CIN,2022-09-11T17:00:00.0000000Z
A. McFarland Jr.,976428,485553,RB,PIT,4000,1.2,PIT @ CIN,2022-09-11T17:00:00.0000000Z
M. Durant,1121052,641175,RB,PIT,4000,,PIT @ CIN,2022-09-11T17:00:00.0000000Z
J. Warren,1176443,641178,RB,PIT,4000,,PIT @ CIN,2022-09-11T17:00:00.0000000Z
D. Watt,606530,19377,RB,PIT,4000,0.3,PIT @ CIN,2022-09-11T17:00:00.0000000Z
T. Williams,910605,14277,RB,CIN,4000,1.3,PIT @ CIN,2022-09-11T17:00:00.0000000Z
S. Jones,1214739,642622,RB,CIN,4000,,PIT @ CIN,2022-09-11T17:00:00.0000000Z
E. Holyfield,922028,20383,RB,CIN,4000,,PIT @ CIN,2022-09-11T17:00:00.0000000Z
R. Tonyan,660151,19800,TE,GB,3900,6.3,GB @ MIN,2022-09-11T20:25:00.0000000Z
A. Pierce,1107027,640883,WR,IND,3900,,IND @ HOU,2022-09-11T17:00:00.0000000Z
Colts,338,18372,DST,IND,3900,8.1,IND @ HOU,2022-09-11T17:00:00.0000000Z
L. Shenault Jr.,1061929,474630,WR,JAX,3900,8,JAX @ WAS,2022-09-11T17:00:00.0000000Z
C. Wilson,912061,18298,WR,MIA,3900,9.7,NE @ MIA,2022-09-11T17:00:00.0000000Z
D. Njoku,832098,14741,TE,CLE,3900,6.9,CLE @ CAR,2022-09-11T17:00:00.0000000Z
J. Palmer,1059612,560751,WR,LAC,3800,5.5,LV @ LAC,2022-09-11T20:25:00.0000000Z
G. Everett,838487,13580,TE,LAC,3800,8,LV @ LAC,2022-09-11T20:25:00.0000000Z
S. Moore,1176730,640884,WR,KC,3800,,KC @ ARI,2022-09-11T20:25:00.0000000Z
H. Henry,744425,19156,TE,NE,3800,9.4,NE @ MIA,2022-09-11T17:00:00.0000000Z
Browns,329,18325,DST,CLE,3800,6.2,CLE @ CAR,2022-09-11T17:00:00.0000000Z
D. Duvernay,920756,485522,WR,BAL,3800,5.2,BAL @ NYJ,2022-09-11T17:00:00.0000000Z
Saints,350,18423,DST,NO,3700,8.5,NO @ ATL,2022-09-11T17:00:00.0000000Z
L. Treadwell,748554,17405,WR,JAX,3700,6.9,JAX @ WAS,2022-09-11T17:00:00.0000000Z
A. Hooper,739424,11125,TE,TEN,3700,5.8,NYG @ TEN,2022-09-11T20:25:00.0000000Z
C. Kmet,1066765,485483,TE,CHI,3700,7.1,SF @ CHI,2022-09-11T17:00:00.0000000Z
J. Reynolds,822367,14062,WR,DET,3600,6.7,PHI @ DET,2022-09-11T17:00:00.0000000Z
V. Jones Jr.,919304,640903,WR,CHI,3600,,SF @ CHI,2022-09-11T17:00:00.0000000Z
D. Bell,1180347,617548,WR,CLE,3600,,CLE @ CAR,2022-09-11T17:00:00.0000000Z
C. Uzomah,593305,14159,TE,NYJ,3600,8.2,BAL @ NYJ,2022-09-11T17:00:00.0000000Z
Bengals,327,18320,DST,CIN,3600,6.6,PIT @ CIN,2022-09-11T17:00:00.0000000Z
M. Callaway,921454,485707,WR,NO,3500,9.1,NO @ ATL,2022-09-11T17:00:00.0000000Z
D. Byrd,604908,17606,WR,ATL,3500,3.9,NO @ ATL,2022-09-11T17:00:00.0000000Z
K. Cole,791008,20500,WR,LV,3500,5.3,LV @ LAC,2022-09-11T20:25:00.0000000Z
C. Sims,824541,20304,WR,WAS,3500,3.5,JAX @ WAS,2022-09-11T17:00:00.0000000Z
E. Engram,749185,19095,TE,JAX,3500,6.9,JAX @ WAS,2022-09-11T17:00:00.0000000Z
Titans,336,18366,DST,TEN,3500,7.5,NYG @ TEN,2022-09-11T20:25:00.0000000Z
K. Raymond,692660,19993,WR,DET,3500,8.7,PHI @ DET,2022-09-11T17:00:00.0000000Z
T. Conklin,861278,17063,TE,NYJ,3500,8.1,BAL @ NYJ,2022-09-11T17:00:00.0000000Z
R. Cobb,465949,15064,WR,GB,3400,7.3,GB @ MIN,2022-09-11T20:25:00.0000000Z
I. Smith Jr.,944428,17381,TE,MIN,3400,,GB @ MIN,2022-09-11T20:25:00.0000000Z
D. Robinson,727279,11863,WR,LV,3400,4.1,LV @ LAC,2022-09-11T20:25:00.0000000Z
M. Alie-Cox,712506,20063,TE,IND,3400,4.7,IND @ HOU,2022-09-11T17:00:00.0000000Z
J. Dotson,1121878,640766,WR,WAS,3400,,JAX @ WAS,2022-09-11T17:00:00.0000000Z
Q. Watkins,949134,485626,WR,PHI,3400,6.9,PHI @ DET,2022-09-11T17:00:00.0000000Z
A. Wesley,924946,17505,WR,ARI,3400,3.7,KC @ ARI,2022-09-11T20:25:00.0000000Z
N. Agholor,691055,19750,WR,NE,3400,6.6,NE @ MIA,2022-09-11T17:00:00.0000000Z
R. Higgins,741322,14553,WR,CAR,3400,3.8,CLE @ CAR,2022-09-11T17:00:00.0000000Z
Panthers,364,18484,DST,CAR,3400,5.2,CLE @ CAR,2022-09-11T17:00:00.0000000Z
Chargers,357,18461,DST,LAC,3300,4.6,LV @ LAC,2022-09-11T20:25:00.0000000Z
C. Conley,591801,20504,WR,HOU,3300,4.1,IND @ HOU,2022-09-11T17:00:00.0000000Z
P. Campbell,836104,20085,WR,IND,3300,5.4,IND @ HOU,2022-09-11T17:00:00.0000000Z
R. Seals-Jones,744568,14827,TE,NYG,3300,5.3,NYG @ TEN,2022-09-11T20:25:00.0000000Z
J. Gordon,503496,17718,WR,KC,3300,1.2,KC @ ARI,2022-09-11T20:25:00.0000000Z
J. Grant Sr.,605325,14515,WR,CLE,3300,2.8,CLE @ CAR,2022-09-11T17:00:00.0000000Z
J. Proche II,877913,485627,WR,BAL,3300,2.6,BAL @ NYJ,2022-09-11T17:00:00.0000000Z
H. Hurst,881956,17156,TE,CIN,3300,5,PIT @ CIN,2022-09-11T17:00:00.0000000Z
A. Firkser,767297,19882,TE,ATL,3200,5,NO @ ATL,2022-09-11T17:00:00.0000000Z
Packers,335,18357,DST,GB,3200,7.1,GB @ MIN,2022-09-11T20:25:00.0000000Z
J. Guyton,884567,17774,WR,LAC,3200,6.1,LV @ LAC,2022-09-11T20:25:00.0000000Z
F. Moreau,865573,12926,TE,LV,3200,4.7,LV @ LAC,2022-09-11T20:25:00.0000000Z
A. Dulin,1166036,20107,WR,IND,3200,2.7,IND @ HOU,2022-09-11T17:00:00.0000000Z
L. Thomas,507528,19453,TE,WAS,3200,9.1,JAX @ WAS,2022-09-11T17:00:00.0000000Z
D. Gray,1228586,617644,WR,SF,3200,,SF @ CHI,2022-09-11T17:00:00.0000000Z
A. Schwartz,1129405,560762,WR,CLE,3200,2.4,CLE @ CAR,2022-09-11T17:00:00.0000000Z
C. Austin III,1062765,631489,WR,PIT,3200,,PIT @ CIN,2022-09-11T17:00:00.0000000Z
K. Hodge,757521,14564,WR,ATL,3100,1.9,NO @ ATL,2022-09-11T17:00:00.0000000Z
A. Trautman,875444,485535,TE,NO,3100,4.9,NO @ ATL,2022-09-11T17:00:00.0000000Z
D. Carter,612512,17619,WR,LAC,3100,5.1,LV @ LAC,2022-09-11T20:25:00.0000000Z
B. Jordan,1121871,557636,TE,HOU,3100,6.2,IND @ HOU,2022-09-11T17:00:00.0000000Z
J. Bates,944038,560814,TE,WAS,3100,3,JAX @ WAS,2022-09-11T17:00:00.0000000Z
Eagles,354,18448,DST,PHI,3100,6.3,PHI @ DET,2022-09-11T17:00:00.0000000Z
J. Jennings,867009,485641,WR,SF,3100,4.9,SF @ CHI,2022-09-11T17:00:00.0000000Z
T. Sharpe,703270,20003,WR,CHI,3100,3.2,SF @ CHI,2022-09-11T17:00:00.0000000Z
T. Tremble,1130555,560756,TE,CAR,3100,3.3,CLE @ CAR,2022-09-11T17:00:00.0000000Z
C. Ridley,884013,11244,WR,ATL,3000,14.2,NO @ ATL,2022-09-11T17:00:00.0000000Z
D. Harty,1166545,18497,WR,NO,3000,8.8,NO @ ATL,2022-09-11T17:00:00.0000000Z
K. White,728038,18271,WR,NO,3000,0.8,NO @ ATL,2022-09-11T17:00:00.0000000Z
K. Baker,951485,560956,WR,NO,3000,0,NO @ ATL,2022-09-11T17:00:00.0000000Z
E. Winston Jr.,975827,485742,WR,NO,3000,0.5,NO @ ATL,2022-09-11T17:00:00.0000000Z
K. Merritt,880022,485765,WR,NO,3000,1.2,NO @ ATL,2022-09-11T17:00:00.0000000Z
D. Dixon,1061898,641379,WR,NO,3000,,NO @ ATL,2022-09-11T17:00:00.0000000Z
R. Shaheed,923412,642982,WR,NO,3000,,NO @ ATL,2022-09-11T17:00:00.0000000Z
A. Tate,883459,14116,WR,ATL,3000,1.8,NO @ ATL,2022-09-11T17:00:00.0000000Z
C. Batson,839009,19831,WR,ATL,3000,2.8,NO @ ATL,2022-09-11T17:00:00.0000000Z
F. Darby,919285,560884,WR,ATL,3000,0.2,NO @ ATL,2022-09-11T17:00:00.0000000Z
G. Allison,821159,19507,WR,ATL,3000,0,NO @ ATL,2022-09-11T17:00:00.0000000Z
T. James,1073234,641191,WR,ATL,3000,,NO @ ATL,2022-09-11T17:00:00.0000000Z
S. Berryhill III,1068735,641331,WR,ATL,3000,,NO @ ATL,2022-09-11T17:00:00.0000000Z
J. Bernhardt,1384962,641330,WR,ATL,3000,,NO @ ATL,2022-09-11T17:00:00.0000000Z
I. Hyman,739628,14586,WR,GB,3000,,GB @ MIN,2022-09-11T20:25:00.0000000Z
A. Wilson,556955,14995,WR,MIN,3000,3.4,GB @ MIN,2022-09-11T20:25:00.0000000Z
I. Smith-Marsette,1059221,560853,WR,MIN,3000,4,GB @ MIN,2022-09-11T20:25:00.0000000Z
O. Johnson,867071,17219,WR,MIN,3000,,GB @ MIN,2022-09-11T20:25:00.0000000Z
J. Nailor,1126817,641086,WR,MIN,3000,,GB @ MIN,2022-09-11T20:25:00.0000000Z
D. Chisena,883314,485780,WR,MIN,3000,0,GB @ MIN,2022-09-11T20:25:00.0000000Z
M. Mitchell,1166231,562287,WR,MIN,3000,0,GB @ MIN,2022-09-11T20:25:00.0000000Z
B. Proehl,1052464,561305,WR,MIN,3000,,GB @ MIN,2022-09-11T20:25:00.0000000Z
T. Jackson,943189,485747,WR,MIN,3000,,GB @ MIN,2022-09-11T20:25:00.0000000Z
T. Hennigan,975342,641240,WR,MIN,3000,,GB @ MIN,2022-09-11T20:25:00.0000000Z
Am. Rodgers,978580,560758,WR,GB,3000,0.6,GB @ MIN,2022-09-11T20:25:00.0000000Z
R. Doubs,1122653,641025,WR,GB,3000,,GB @ MIN,2022-09-11T20:25:00.0000000Z
J. Winfree,836079,19098,WR,GB,3000,1.6,GB @ MIN,2022-09-11T20:25:00.0000000Z
M. Taylor,1166944,19797,WR,GB,3000,0.2,GB @ MIN,2022-09-11T20:25:00.0000000Z
S. Toure,920560,641153,WR,GB,3000,,GB @ MIN,2022-09-11T20:25:00.0000000Z
R. Gafford,944604,12557,WR,GB,3000,,GB @ MIN,2022-09-11T20:25:00.0000000Z
D. Davis III,1065348,641308,WR,GB,3000,,GB @ MIN,2022-09-11T20:25:00.0000000Z
O. Mitchell,922097,561379,WR,GB,3000,,GB @ MIN,2022-09-11T20:25:00.0000000Z
J. Moore Jr.,1166990,19244,WR,LAC,3000,4.3,LV @ LAC,2022-09-11T20:25:00.0000000Z
J. Reed,924222,485577,WR,LAC,3000,,LV @ LAC,2022-09-11T20:25:00.0000000Z
M. Bandy,920482,575781,WR,LAC,3000,0,LV @ LAC,2022-09-11T20:25:00.0000000Z
M. Ffrench,922528,485853,WR,LAC,3000,0.1,LV @ LAC,2022-09-11T20:25:00.0000000Z
T. Bradford,913587,642954,WR,LAC,3000,,LV @ LAC,2022-09-11T20:25:00.0000000Z
M. Hollins,702808,17121,WR,LV,3000,3.5,LV @ LAC,2022-09-11T20:25:00.0000000Z
T. Johnson,865567,11675,WR,LV,3000,0.3,LV @ LAC,2022-09-11T20:25:00.0000000Z
J. Veasy,911523,11243,WR,LV,3000,0,LV @ LAC,2022-09-11T20:25:00.0000000Z
I. Zuber,879953,485767,WR,LV,3000,,LV @ LAC,2022-09-11T20:25:00.0000000Z
D. Stoner,923149,562747,WR,LV,3000,0,LV @ LAC,2022-09-11T20:25:00.0000000Z
D. Turner,923814,562748,WR,LV,3000,,LV @ LAC,2022-09-11T20:25:00.0000000Z
J. Hall,1058681,642682,WR,LV,3000,,LV @ LAC,2022-09-11T20:25:00.0000000Z
D. Patmon,910629,485638,WR,IND,3000,1.3,IND @ HOU,2022-09-11T17:00:00.0000000Z
M. Strachan,1191979,560940,WR,IND,3000,0.8,IND @ HOU,2022-09-11T17:00:00.0000000Z
K. Coutee,882929,17643,WR,IND,3000,0.8,IND @ HOU,2022-09-11T17:00:00.0000000Z
D. Harris,1130881,487447,WR,IND,3000,0,IND @ HOU,2022-09-11T17:00:00.0000000Z
I. Ford,836936,14486,WR,IND,3000,3.1,IND @ HOU,2022-09-11T17:00:00.0000000Z
S. Nacua,946004,642695,WR,IND,3000,,IND @ HOU,2022-09-11T17:00:00.0000000Z
E. Fernea,962484,642639,WR,IND,3000,,IND @ HOU,2022-09-11T17:00:00.0000000Z
M. Young Jr.,1066802,642670,WR,IND,3000,,IND @ HOU,2022-09-11T17:00:00.0000000Z
J. Hurst,1215199,488056,WR,IND,3000,,IND @ HOU,2022-09-11T17:00:00.0000000Z
C. Moore,606551,17253,WR,HOU,3000,4.9,IND @ HOU,2022-09-11T17:00:00.0000000Z
P. Dorsett II,596417,17652,WR,HOU,3000,3,IND @ HOU,2022-09-11T17:00:00.0000000Z
D. Davis,891229,17098,WR,HOU,3000,1.4,IND @ HOU,2022-09-11T17:00:00.0000000Z
J. Camp,919462,560906,WR,HOU,3000,0,IND @ HOU,2022-09-11T17:00:00.0000000Z
C. Beebe,746577,15062,WR,HOU,3000,,IND @ HOU,2022-09-11T17:00:00.0000000Z
C. Wedington,1060317,562297,WR,HOU,3000,,IND @ HOU,2022-09-11T17:00:00.0000000Z
D. Estrada,919131,641196,WR,HOU,3000,,IND @ HOU,2022-09-11T17:00:00.0000000Z
J. Johnson III,1060285,641195,WR,HOU,3000,,IND @ HOU,2022-09-11T17:00:00.0000000Z
J. Agnew,752646,19121,WR,JAX,3000,8.2,JAX @ WAS,2022-09-11T17:00:00.0000000Z
M. Hall,607435,19252,WR,JAX,3000,1,JAX @ WAS,2022-09-11T17:00:00.0000000Z
J. Cotton Jr.,1074309,485876,WR,JAX,3000,0,JAX @ WAS,2022-09-11T17:00:00.0000000Z
T. Jones,1056747,561320,WR,JAX,3000,,JAX @ WAS,2022-09-11T17:00:00.0000000Z
K. Austin Jr.,1130526,641200,WR,JAX,3000,,JAX @ WAS,2022-09-11T17:00:00.0000000Z
L. Winningham,1053065,641286,WR,JAX,3000,,JAX @ WAS,2022-09-11T17:00:00.0000000Z
W. Johnson,948986,642977,WR,JAX,3000,,JAX @ WAS,2022-09-11T17:00:00.0000000Z
R. McDaniel,1078106,642974,WR,JAX,3000,,JAX @ WAS,2022-09-11T17:00:00.0000000Z
D. Brown,1107878,560755,WR,WAS,3000,1.9,JAX @ WAS,2022-09-11T17:00:00.0000000Z
D. Milne,1131214,560958,WR,WAS,3000,1.3,JAX @ WAS,2022-09-11T17:00:00.0000000Z
A. Erickson,652520,13578,WR,WAS,3000,0.5,JAX @ WAS,2022-09-11T17:00:00.0000000Z
K. Harmon,920809,20249,WR,WAS,3000,,JAX @ WAS,2022-09-11T17:00:00.0000000Z
M. Michel,604826,17272,WR,WAS,3000,,JAX @ WAS,2022-09-11T17:00:00.0000000Z
K. McGowan,1055267,641322,WR,WAS,3000,,JAX @ WAS,2022-09-11T17:00:00.0000000Z
J. Ezzard,946180,641317,WR,WAS,3000,,JAX @ WAS,2022-09-11T17:00:00.0000000Z
T. Godwin,879072,20527,WR,TEN,3000,,NYG @ TEN,2022-09-11T20:25:00.0000000Z
W. Robinson,1164875,640878,WR,NYG,3000,,NYG @ TEN,2022-09-11T20:25:00.0000000Z
R. James Jr.,822644,19550,WR,NYG,3000,,NYG @ TEN,2022-09-11T20:25:00.0000000Z
C. Board,695408,20482,WR,NYG,3000,1.6,NYG @ TEN,2022-09-11T20:25:00.0000000Z
C. Johnson,911644,485589,WR,NYG,3000,1.8,NYG @ TEN,2022-09-11T20:25:00.0000000Z
R. Foster,750838,11548,WR,NYG,3000,,NYG @ TEN,2022-09-11T20:25:00.0000000Z
D. Sills V,866973,19279,WR,NYG,3000,0.9,NYG @ TEN,2022-09-11T20:25:00.0000000Z
A. Bachman,884315,13360,WR,NYG,3000,-0.1,NYG @ TEN,2022-09-11T20:25:00.0000000Z
M. Kemp,746243,11567,WR,NYG,3000,0.2,NYG @ TEN,2022-09-11T20:25:00.0000000Z
K. Doss,830084,12513,WR,NYG,3000,,NYG @ TEN,2022-09-11T20:25:00.0000000Z
A. Proehl,823135,14036,WR,NYG,3000,,NYG @ TEN,2022-09-11T20:25:00.0000000Z
D. Fitzpatrick,923834,546458,WR,TEN,3000,4,NYG @ TEN,2022-09-11T20:25:00.0000000Z
K. Philips,1128108,641055,WR,TEN,3000,,NYG @ TEN,2022-09-11T20:25:00.0000000Z
R. McMath,976658,560903,WR,TEN,3000,0.2,NYG @ TEN,2022-09-11T20:25:00.0000000Z
C. Hollister,696881,19909,WR,TEN,3000,2.4,NYG @ TEN,2022-09-11T20:25:00.0000000Z
J. Malone,820522,19600,WR,TEN,3000,,NYG @ TEN,2022-09-11T20:25:00.0000000Z
R. Roberson Jr.,1055088,641171,WR,TEN,3000,,NYG @ TEN,2022-09-11T20:25:00.0000000Z
M. Kinsey,1215308,488207,WR,TEN,3000,0,NYG @ TEN,2022-09-11T20:25:00.0000000Z
B. Lewis,1147949,642608,WR,TEN,3000,,NYG @ TEN,2022-09-11T20:25:00.0000000Z
G. Swaim,728021,16924,TE,TEN,3000,4.1,NYG @ TEN,2022-09-11T20:25:00.0000000Z
L. Lenoir,748115,17944,WR,PHI,3000,,PHI @ DET,2022-09-11T17:00:00.0000000Z
Z. Pascal,658447,11148,WR,PHI,3000,6,PHI @ DET,2022-09-11T17:00:00.0000000Z
Q. Cephus,924362,485590,WR,DET,3000,9.9,PHI @ DET,2022-09-11T17:00:00.0000000Z
G. Ward,741292,17517,WR,PHI,3000,1.9,PHI @ DET,2022-09-11T17:00:00.0000000Z
D. Cain,867754,20082,WR,PHI,3000,,PHI @ DET,2022-09-11T17:00:00.0000000Z
J. Hightower,1130582,485592,WR,PHI,3000,0,PHI @ DET,2022-09-11T17:00:00.0000000Z
D. Allen,740692,638986,WR,PHI,3000,,PHI @ DET,2022-09-11T17:00:00.0000000Z
B. Covey,882718,641721,WR,PHI,3000,,PHI @ DET,2022-09-11T17:00:00.0000000Z
K. Wheatfall,1170925,642985,WR,PHI,3000,,PHI @ DET,2022-09-11T17:00:00.0000000Z
T. Benson,1165782,18483,WR,DET,3000,2.5,PHI @ DET,2022-09-11T17:00:00.0000000Z
T. Kennedy,837087,19320,WR,DET,3000,1.5,PHI @ DET,2022-09-11T17:00:00.0000000Z
K. Pimpleton,976983,641292,WR,DET,3000,,PHI @ DET,2022-09-11T17:00:00.0000000Z
J. Johnson,1058625,641291,WR,DET,3000,,PHI @ DET,2022-09-11T17:00:00.0000000Z
C. Sutton,913828,642708,WR,DET,3000,,PHI @ DET,2022-09-11T17:00:00.0000000Z
J. Reagor,976066,477185,WR,PHI,3000,4.4,PHI @ DET,2022-09-11T17:00:00.0000000Z
G. Dortch,910852,19496,WR,ARI,3000,1.4,KC @ ARI,2022-09-11T20:25:00.0000000Z
A. Isabella,878911,17819,WR,ARI,3000,0.3,KC @ ARI,2022-09-11T20:25:00.0000000Z
A. Baccellia,865838,485851,WR,ARI,3000,,KC @ ARI,2022-09-11T20:25:00.0000000Z
C. Blake,837503,11007,WR,ARI,3000,0.4,KC @ ARI,2022-09-11T20:25:00.0000000Z
J. Kirklin,976657,641366,WR,ARI,3000,,KC @ ARI,2022-09-11T20:25:00.0000000Z
J. Payton,1175576,641367,WR,ARI,3000,,KC @ ARI,2022-09-11T20:25:00.0000000Z
V. Bolden Jr.,749590,11435,WR,ARI,3000,,KC @ ARI,2022-09-11T20:25:00.0000000Z
J. Watson,832220,20208,WR,KC,3000,0,KC @ ARI,2022-09-11T20:25:00.0000000Z
D. Fountain,830751,11013,WR,KC,3000,0,KC @ ARI,2022-09-11T20:25:00.0000000Z
C. Powell,913546,560879,WR,KC,3000,,KC @ ARI,2022-09-11T20:25:00.0000000Z
C. Coleman,695370,19031,WR,KC,3000,,KC @ ARI,2022-09-11T20:25:00.0000000Z
O. Bayless,874368,485745,WR,KC,3000,,KC @ ARI,2022-09-11T20:25:00.0000000Z
G. Jennings,877654,19881,WR,KC,3000,,KC @ ARI,2022-09-11T20:25:00.0000000Z
A. Parker,924598,485723,WR,KC,3000,0,KC @ ARI,2022-09-11T20:25:00.0000000Z
J. Ross,1110725,639887,WR,KC,3000,,KC @ ARI,2022-09-11T20:25:00.0000000Z
Chiefs,339,18379,DST,KC,3000,6.9,KC @ ARI,2022-09-11T20:25:00.0000000Z
L. Humphrey,920758,18546,WR,NE,3000,5,NE @ MIA,2022-09-11T17:00:00.0000000Z
T. Thornton,1110301,631488,WR,NE,3000,,NE @ MIA,2022-09-11T17:00:00.0000000Z
T. Montgomery,598969,19627,WR,NE,3000,2.1,NE @ MIA,2022-09-11T17:00:00.0000000Z
T. Nixon,945641,560938,WR,NE,3000,,NE @ MIA,2022-09-11T17:00:00.0000000Z
K. Wilkerson,875523,488206,WR,NE,3000,6.7,NE @ MIA,2022-09-11T17:00:00.0000000Z
M. Slater,234403,18071,WR,NE,3000,0,NE @ MIA,2022-09-11T17:00:00.0000000Z
M. Sanu Sr.,494313,11274,WR,MIA,3000,4.1,NE @ MIA,2022-09-11T17:00:00.0000000Z
E. Ezukanma,1120915,641018,WR,MIA,3000,,NE @ MIA,2022-09-11T17:00:00.0000000Z
L. Bowden Jr.,1071826,485512,WR,MIA,3000,,NE @ MIA,2022-09-11T17:00:00.0000000Z
T. Sherfield,835861,18107,WR,MIA,3000,1.2,NE @ MIA,2022-09-11T17:00:00.0000000Z
P. Williams,877244,14983,WR,MIA,3000,1.7,NE @ MIA,2022-09-11T17:00:00.0000000Z
R. Cracraft,749681,18565,WR,MIA,3000,0,NE @ MIA,2022-09-11T17:00:00.0000000Z
D. Dedmon,830626,629883,WR,MIA,3000,,NE @ MIA,2022-09-11T17:00:00.0000000Z
B. Sanders,1068199,641230,WR,MIA,3000,,NE @ MIA,2022-09-11T17:00:00.0000000Z
R. McCloud III,867759,20416,WR,SF,3000,4.2,SF @ CHI,2022-09-11T17:00:00.0000000Z
M. Turner,830686,20032,WR,SF,3000,3.1,SF @ CHI,2022-09-11T17:00:00.0000000Z
M. Johnson,691348,11085,WR,SF,3000,4,SF @ CHI,2022-09-11T17:00:00.0000000Z
K. Johnson,838443,17836,WR,SF,3000,0,SF @ CHI,2022-09-11T17:00:00.0000000Z
A. Mack,911710,485735,WR,SF,3000,,SF @ CHI,2022-09-11T17:00:00.0000000Z
T. Martin,1065052,641302,WR,SF,3000,,SF @ CHI,2022-09-11T17:00:00.0000000Z
T. Mack,942983,641394,WR,SF,3000,,SF @ CHI,2022-09-11T17:00:00.0000000Z
N. Harry,910431,17785,WR,CHI,3000,2.3,SF @ CHI,2022-09-11T17:00:00.0000000Z
D. Newsome,976353,560919,WR,CHI,3000,1.4,SF @ CHI,2022-09-11T17:00:00.0000000Z
E. St. Brown,884601,19779,WR,CHI,3000,1.5,SF @ CHI,2022-09-11T17:00:00.0000000Z
D. Pettis,837820,19635,WR,CHI,3000,8.4,SF @ CHI,2022-09-11T17:00:00.0000000Z
D. Moore,1049915,19931,WR,CHI,3000,0,SF @ CHI,2022-09-11T17:00:00.0000000Z
N. Webster,828656,14157,WR,CHI,3000,0,SF @ CHI,2022-09-11T17:00:00.0000000Z
I. Coulter,1054229,485595,WR,CHI,3000,0,SF @ CHI,2022-09-11T17:00:00.0000000Z
C. Finke,884566,485750,WR,CHI,3000,,SF @ CHI,2022-09-11T17:00:00.0000000Z
K. Shaa,1108029,641711,WR,CHI,3000,,SF @ CHI,2022-09-11T17:00:00.0000000Z
S. Smith,1068165,535622,WR,CAR,3000,2.7,CLE @ CAR,2022-09-11T17:00:00.0000000Z
B. Zylstra,916610,20472,WR,CAR,3000,3.8,CLE @ CAR,2022-09-11T17:00:00.0000000Z
A. Roberts,329031,11993,WR,CAR,3000,0.7,CLE @ CAR,2022-09-11T17:00:00.0000000Z
K. Kirkwood,746244,18601,WR,CAR,3000,1.6,CLE @ CAR,2022-09-11T17:00:00.0000000Z
C. Saunders,911712,569634,WR,CAR,3000,1.6,CLE @ CAR,2022-09-11T17:00:00.0000000Z
C. Rambo,1062033,641253,WR,CAR,3000,,CLE @ CAR,2022-09-11T17:00:00.0000000Z
R. Henry,921693,641247,WR,CAR,3000,,CLE @ CAR,2022-09-11T17:00:00.0000000Z
A. Parchment,926835,641252,WR,CAR,3000,,CLE @ CAR,2022-09-11T17:00:00.0000000Z
D. Wright,1165720,641255,WR,CAR,3000,,CLE @ CAR,2022-09-11T17:00:00.0000000Z
J. Bradley,885455,486110,WR,CLE,3000,2.1,CLE @ CAR,2022-09-11T17:00:00.0000000Z
M. Woods II,1106846,641097,WR,CLE,3000,,CLE @ CAR,2022-09-11T17:00:00.0000000Z
J. Wims,922039,13297,WR,CLE,3000,,CLE @ CAR,2022-09-11T17:00:00.0000000Z
M. Harley Jr.,1051985,642628,WR,CLE,3000,,CLE @ CAR,2022-09-11T17:00:00.0000000Z
I. Weston,921093,642571,WR,CLE,3000,,CLE @ CAR,2022-09-11T17:00:00.0000000Z
T. Harris,1065021,642629,WR,CLE,3000,,CLE @ CAR,2022-09-11T17:00:00.0000000Z
I. Thomas,943093,20460,TE,CAR,3000,2.2,CLE @ CAR,2022-09-11T17:00:00.0000000Z
B. Gaither,881756,561464,WR,BAL,3000,,BAL @ NYJ,2022-09-11T17:00:00.0000000Z
J. Smith,883429,19695,WR,NYJ,3000,1.6,BAL @ NYJ,2022-09-11T17:00:00.0000000Z
T. Wallace,1062546,560826,WR,BAL,3000,0.3,BAL @ NYJ,2022-09-11T17:00:00.0000000Z
J. Moore,877073,485909,WR,BAL,3000,,BAL @ NYJ,2022-09-11T17:00:00.0000000Z
B. Victor,946594,485724,WR,BAL,3000,,BAL @ NYJ,2022-09-11T17:00:00.0000000Z
S. Bolden,1105684,641289,WR,BAL,3000,,BAL @ NYJ,2022-09-11T17:00:00.0000000Z
S. Bridges,1142646,641734,WR,BAL,3000,,BAL @ NYJ,2022-09-11T17:00:00.0000000Z
T. Clark,1178632,641738,WR,BAL,3000,,BAL @ NYJ,2022-09-11T17:00:00.0000000Z
M. Polk,1161426,641288,WR,BAL,3000,,BAL @ NYJ,2022-09-11T17:00:00.0000000Z
R. Webb,921965,641751,WR,BAL,3000,,BAL @ NYJ,2022-09-11T17:00:00.0000000Z
D. Williams,1127114,641295,WR,BAL,3000,,BAL @ NYJ,2022-09-11T17:00:00.0000000Z
L. Cager,880123,473406,WR,NYJ,3000,0,BAL @ NYJ,2022-09-11T17:00:00.0000000Z
D. Mims,934331,477183,WR,NYJ,3000,1.9,BAL @ NYJ,2022-09-11T17:00:00.0000000Z
T. Black,1050230,562611,WR,NYJ,3000,2,BAL @ NYJ,2022-09-11T17:00:00.0000000Z
R. Davis,750368,11372,WR,NYJ,3000,,BAL @ NYJ,2022-09-11T17:00:00.0000000Z
K. Abram,1176303,641662,WR,NYJ,3000,,BAL @ NYJ,2022-09-11T17:00:00.0000000Z
I. Charles,883312,641664,WR,NYJ,3000,,BAL @ NYJ,2022-09-11T17:00:00.0000000Z
C. Jackson Jr.,1129846,641990,WR,NYJ,3000,,BAL @ NYJ,2022-09-11T17:00:00.0000000Z
R. Adams,746602,106590,WR,NYJ,3000,0,BAL @ NYJ,2022-09-11T17:00:00.0000000Z
M. Boykin,884553,16991,WR,PIT,3000,0.2,PIT @ CIN,2022-09-11T17:00:00.0000000Z
A. Miller,749136,12857,WR,PIT,3000,4.8,PIT @ CIN,2022-09-11T17:00:00.0000000Z
G. Olszewski,1168410,17982,WR,PIT,3000,0.4,PIT @ CIN,2022-09-11T17:00:00.0000000Z
C. White,1057484,485740,WR,PIT,3000,0.6,PIT @ CIN,2022-09-11T17:00:00.0000000Z
S. Sims Jr.,877596,20305,WR,PIT,3000,0,PIT @ CIN,2022-09-11T17:00:00.0000000Z
T. Vaughns,919311,561306,WR,PIT,3000,,PIT @ CIN,2022-09-11T17:00:00.0000000Z
T. Snead,1135832,643013,WR,PIT,3000,,PIT @ CIN,2022-09-11T17:00:00.0000000Z
M. Thomas,835086,14138,WR,CIN,3000,0.8,PIT @ CIN,2022-09-11T17:00:00.0000000Z
S. Morgan,866112,13905,WR,CIN,3000,0.2,PIT @ CIN,2022-09-11T17:00:00.0000000Z
T. Taylor,733849,19699,WR,CIN,3000,1,PIT @ CIN,2022-09-11T17:00:00.0000000Z
K. Lassiter II,935156,642623,WR,CIN,3000,,PIT @ CIN,2022-09-11T17:00:00.0000000Z
T. Irwin,884943,14599,WR,CIN,3000,0.8,PIT @ CIN,2022-09-11T17:00:00.0000000Z
P. Williams Jr.,1124459,560960,WR,CIN,3000,0,PIT @ CIN,2022-09-11T17:00:00.0000000Z
J. Heiligh,1125104,642570,WR,CIN,3000,,PIT @ CIN,2022-09-11T17:00:00.0000000Z
K. Pryor,924381,642625,WR,CIN,3000,,PIT @ CIN,2022-09-11T17:00:00.0000000Z
J. Sorenson,915951,642641,WR,CIN,3000,,PIT @ CIN,2022-09-11T17:00:00.0000000Z
D. Sample,837824,14047,TE,CIN,3000,1,PIT @ CIN,2022-09-11T17:00:00.0000000Z
J. Deguara,866149,485524,TE,GB,2900,3.6,GB @ MIN,2022-09-11T20:25:00.0000000Z
T. McBride,1108161,640885,TE,ARI,2900,,KC @ ARI,2022-09-11T20:25:00.0000000Z
Cardinals,355,18454,DST,ARI,2900,6.9,KC @ ARI,2022-09-11T20:25:00.0000000Z
H. Bryant,916467,485545,TE,CLE,2900,3.9,CLE @ CAR,2022-09-11T17:00:00.0000000Z
Falcons,323,18297,DST,ATL,2800,3.8,NO @ ATL,2022-09-11T17:00:00.0000000Z
D. Parham Jr.,875649,20286,TE,LAC,2800,4.2,LV @ LAC,2022-09-11T20:25:00.0000000Z
D. Arnold,1053627,18218,TE,JAX,2800,7,JAX @ WAS,2022-09-11T17:00:00.0000000Z
J. Smith,743749,20008,TE,NE,2800,4,NE @ MIA,2022-09-11T17:00:00.0000000Z
Z. Gentry,883079,18514,TE,PIT,2800,2.4,PIT @ CIN,2022-09-11T17:00:00.0000000Z
M. Williams,651658,18287,TE,ARI,2700,8.3,KC @ ARI,2022-09-11T20:25:00.0000000Z
Patriots,348,18415,DST,NE,2700,8.8,NE @ MIA,2022-09-11T17:00:00.0000000Z
R. Griffin,465129,19526,TE,CHI,2700,4.7,SF @ CHI,2022-09-11T17:00:00.0000000Z
T. Kroft,592268,11724,TE,SF,2700,4.4,SF @ CHI,2022-09-11T17:00:00.0000000Z
P. Brown,689689,14384,TE,HOU,2600,2.6,IND @ HOU,2022-09-11T17:00:00.0000000Z
C. Manhertz,563293,20413,TE,JAX,2600,1.1,JAX @ WAS,2022-09-11T17:00:00.0000000Z
D. Smythe,749968,14894,TE,MIA,2600,4.1,NE @ MIA,2022-09-11T17:00:00.0000000Z
Dolphins,345,18401,DST,MIA,2600,9,NE @ MIA,2022-09-11T17:00:00.0000000Z
J. O'Shaughnessy,552352,20590,TE,CHI,2600,7.2,SF @ CHI,2022-09-11T17:00:00.0000000Z
J. Johnson,884609,485734,TE,NO,2500,3.8,NO @ ATL,2022-09-11T17:00:00.0000000Z
N. Vannett,606488,20040,TE,NO,2500,4,NO @ ATL,2022-09-11T17:00:00.0000000Z
B. Dillon,1165740,17107,TE,NO,2500,0,NO @ ATL,2022-09-11T17:00:00.0000000Z
J. Holtz,692334,20255,TE,NO,2500,0,NO @ ATL,2022-09-11T17:00:00.0000000Z
L. Krull,1122323,642824,TE,NO,2500,,NO @ ATL,2022-09-11T17:00:00.0000000Z
D. Soehner,946764,561358,TE,NO,2500,,NO @ ATL,2022-09-11T17:00:00.0000000Z
Z. Wood,606799,18896,TE,NO,2500,0,NO @ ATL,2022-09-11T17:00:00.0000000Z
P. Hesse,846264,19904,TE,ATL,2500,1.2,NO @ ATL,2022-09-11T17:00:00.0000000Z
J. FitzPatrick,1131017,641110,TE,ATL,2500,,NO @ ATL,2022-09-11T17:00:00.0000000Z
J. Raine,916468,561430,TE,ATL,2500,,NO @ ATL,2022-09-11T17:00:00.0000000Z
T. Fisk,1060299,642937,TE,ATL,2500,,NO @ ATL,2022-09-11T17:00:00.0000000Z
B. Brinkley,463435,19836,TE,ATL,2500,0,NO @ ATL,2022-09-11T17:00:00.0000000Z
M. Lewis,214197,19673,TE,GB,2500,2.5,GB @ MIN,2022-09-11T20:25:00.0000000Z
B. Ellefson,888731,486118,TE,MIN,2500,0,GB @ MIN,2022-09-11T20:25:00.0000000Z
J. Mundt,740704,13962,TE,MIN,2500,0.3,GB @ MIN,2022-09-11T20:25:00.0000000Z
Z. Davidson,1283807,560865,TE,MIN,2500,,GB @ MIN,2022-09-11T20:25:00.0000000Z
N. Muse,1049792,641123,TE,MIN,2500,,GB @ MIN,2022-09-11T20:25:00.0000000Z
S. Beyer,923897,561873,TE,MIN,2500,,GB @ MIN,2022-09-11T20:25:00.0000000Z
A. DePaola,300580,20359,TE,MIN,2500,0,GB @ MIN,2022-09-11T20:25:00.0000000Z
T. Davis,866174,485633,TE,GB,2500,0.5,GB @ MIN,2022-09-11T20:25:00.0000000Z
D. Dafney,976393,511356,TE,GB,2500,0.5,GB @ MIN,2022-09-11T20:25:00.0000000Z
A. Mack,884573,18664,TE,GB,2500,,GB @ MIN,2022-09-11T20:25:00.0000000Z
S. Cannella,976731,591412,TE,GB,2500,,GB @ MIN,2022-09-11T20:25:00.0000000Z
J. Coco,1056649,643317,TE,GB,2500,,GB @ MIN,2022-09-11T20:25:00.0000000Z
T. McKitty,976252,560770,TE,LAC,2500,1,LV @ LAC,2022-09-11T20:25:00.0000000Z
H. Kampmoyer,910567,561345,TE,LAC,2500,0,LV @ LAC,2022-09-11T20:25:00.0000000Z
S. Smartt,1056865,642965,TE,LAC,2500,,LV @ LAC,2022-09-11T20:25:00.0000000Z
E. Krommenhoek,1066368,642956,TE,LAC,2500,,LV @ LAC,2022-09-11T20:25:00.0000000Z
J. Hollister,696882,19867,TE,LV,2500,2.9,LV @ LAC,2022-09-11T20:25:00.0000000Z
N. Bowers,883307,485770,TE,LV,2500,0,LV @ LAC,2022-09-11T20:25:00.0000000Z
J. Horsted,881708,12671,TE,LV,2500,2.3,LV @ LAC,2022-09-11T20:25:00.0000000Z
C. Fotheringham,913155,642679,TE,LV,2500,,LV @ LAC,2022-09-11T20:25:00.0000000Z
K. Granson,921050,560817,TE,IND,2500,1.3,IND @ HOU,2022-09-11T17:00:00.0000000Z
J. Woods,975503,640906,TE,IND,2500,,IND @ HOU,2022-09-11T17:00:00.0000000Z
D. Ogletree,1271740,641088,TE,IND,2500,,IND @ HOU,2022-09-11T17:00:00.0000000Z
M. Jacobson,882436,592150,TE,IND,2500,,IND @ HOU,2022-09-11T17:00:00.0000000Z
N. Kalinic,1166045,629884,TE,IND,2500,,IND @ HOU,2022-09-11T17:00:00.0000000Z
T. Quitoriano,1128538,641060,TE,HOU,2500,,IND @ HOU,2022-09-11T17:00:00.0000000Z
J. Driskel,592538,13532,TE,HOU,2500,0,IND @ HOU,2022-09-11T17:00:00.0000000Z
A. Auclair,1050026,20072,TE,HOU,2500,1,IND @ HOU,2022-09-11T17:00:00.0000000Z
M. Schreck,694088,14055,TE,HOU,2500,0,IND @ HOU,2022-09-11T17:00:00.0000000Z
S. Green,911219,641194,TE,HOU,2500,,IND @ HOU,2022-09-11T17:00:00.0000000Z
L. Farrell,946541,560847,TE,JAX,2500,0.8,JAX @ WAS,2022-09-11T17:00:00.0000000Z
G. Gunter,920889,641280,TE,JAX,2500,,JAX @ WAS,2022-09-11T17:00:00.0000000Z
G. Prince,1130844,641229,TE,JAX,2500,,JAX @ WAS,2022-09-11T17:00:00.0000000Z
N. Bohannon,1065247,642973,TE,JAX,2500,,JAX @ WAS,2022-09-11T17:00:00.0000000Z
C. Turner,1122692,641044,TE,WAS,2500,,JAX @ WAS,2022-09-11T17:00:00.0000000Z
S. Reyes,851225,558716,TE,WAS,2500,0,JAX @ WAS,2022-09-11T17:00:00.0000000Z
C. Hodges,974631,641293,TE,WAS,2500,,JAX @ WAS,2022-09-11T17:00:00.0000000Z
A. Rogers,944636,641324,TE,WAS,2500,,JAX @ WAS,2022-09-11T17:00:00.0000000Z
Redskins,363,18480,DST,WAS,2500,5.5,JAX @ WAS,2022-09-11T17:00:00.0000000Z
Jaguars,365,18489,DST,JAX,2500,3.7,JAX @ WAS,2022-09-11T17:00:00.0000000Z
J. Akins,838396,17563,TE,NYG,2500,3.4,NYG @ TEN,2022-09-11T20:25:00.0000000Z
D. Bellinger,1122035,641005,TE,NYG,2500,,NYG @ TEN,2022-09-11T20:25:00.0000000Z
C. Myarick,838318,14706,TE,NYG,2500,1.3,NYG @ TEN,2022-09-11T20:25:00.0000000Z
A. Allen,976477,641222,TE,NYG,2500,,NYG @ TEN,2022-09-11T20:25:00.0000000Z
D. Miller,1122160,641267,TE,NYG,2500,,NYG @ TEN,2022-09-11T20:25:00.0000000Z
C. Okonkwo,1106374,641038,TE,TEN,2500,,NYG @ TEN,2022-09-11T20:25:00.0000000Z
T. Hudson,865636,488199,TE,TEN,2500,1.2,NYG @ TEN,2022-09-11T20:25:00.0000000Z
B. Moore-McKinney,921082,564050,TE,TEN,2500,,NYG @ TEN,2022-09-11T20:25:00.0000000Z
T. Odukoya,1108526,641378,TE,TEN,2500,,NYG @ TEN,2022-09-11T20:25:00.0000000Z
J. Graham,832316,11094,TE,PHI,2500,,PHI @ DET,2022-09-11T17:00:00.0000000Z
J. Arcega-Whiteside,884921,19756,TE,PHI,2500,0.4,PHI @ DET,2022-09-11T17:00:00.0000000Z
D. Funchess,696127,11022,TE,DET,2500,,PHI @ DET,2022-09-11T17:00:00.0000000Z
J. Stoll,911985,564169,TE,PHI,2500,0.4,PHI @ DET,2022-09-11T17:00:00.0000000Z
T. Jackson,881048,11627,TE,PHI,2500,1.2,PHI @ DET,2022-09-11T17:00:00.0000000Z
G. Calcaterra,976221,641092,TE,PHI,2500,,PHI @ DET,2022-09-11T17:00:00.0000000Z
R. Rodgers,607699,17344,TE,PHI,2500,0.8,PHI @ DET,2022-09-11T17:00:00.0000000Z
N. Togiai,885029,485749,TE,PHI,2500,0,PHI @ DET,2022-09-11T17:00:00.0000000Z
B. Wright,978120,561855,TE,DET,2500,3.6,PHI @ DET,2022-09-11T17:00:00.0000000Z
J. Mitchell,1123712,641072,TE,DET,2500,,PHI @ DET,2022-09-11T17:00:00.0000000Z
G. Griffin,703203,18460,TE,DET,2500,0.6,PHI @ DET,2022-09-11T17:00:00.0000000Z
S. Zylstra,1284247,562738,TE,DET,2500,1.6,PHI @ DET,2022-09-11T17:00:00.0000000Z
D. Deese Jr.,1130750,641234,TE,DET,2500,,PHI @ DET,2022-09-11T17:00:00.0000000Z
N. Givan,927336,642674,TE,DET,2500,,PHI @ DET,2022-09-11T17:00:00.0000000Z
S. Anderson,607660,17524,TE,ARI,2500,2.3,KC @ ARI,2022-09-11T20:25:00.0000000Z
D. Wells,746301,12064,TE,ARI,2500,0,KC @ ARI,2022-09-11T20:25:00.0000000Z
D. Yelder,750702,12139,TE,ARI,2500,0.3,KC @ ARI,2022-09-11T20:25:00.0000000Z
C. Pierce Jr.,1054923,641388,TE,ARI,2500,,KC @ ARI,2022-09-11T20:25:00.0000000Z
B. Seikovits,1284057,561488,TE,ARI,2500,,KC @ ARI,2022-09-11T20:25:00.0000000Z
B. Bell,542871,11316,TE,KC,2500,1.1,KC @ ARI,2022-09-11T20:25:00.0000000Z
N. Gray,1056981,560859,TE,KC,2500,1.1,KC @ ARI,2022-09-11T20:25:00.0000000Z
J. Fortson,1167484,11422,TE,KC,2500,3.6,KC @ ARI,2022-09-11T20:25:00.0000000Z
J. Franks,838400,13630,TE,KC,2500,0,KC @ ARI,2022-09-11T20:25:00.0000000Z
M. Bushman,978127,545646,TE,KC,2500,0,KC @ ARI,2022-09-11T20:25:00.0000000Z
J. Winchester,472623,12123,TE,KC,2500,0,KC @ ARI,2022-09-11T20:25:00.0000000Z
D. Asiasi,946008,485521,TE,NE,2500,0,NE @ MIA,2022-09-11T17:00:00.0000000Z
D. Keene,976973,485531,TE,NE,2500,,NE @ MIA,2022-09-11T17:00:00.0000000Z
M. Sokol,824177,19325,TE,NE,2500,,NE @ MIA,2022-09-11T17:00:00.0000000Z
A. Shaheen,1049770,13040,TE,MIA,2500,1.9,NE @ MIA,2022-09-11T17:00:00.0000000Z
H. Long,1060550,560754,TE,MIA,2500,0.3,NE @ MIA,2022-09-11T17:00:00.0000000Z
C. Carter,728274,13452,TE,MIA,2500,0.2,NE @ MIA,2022-09-11T17:00:00.0000000Z
T. Conner,946261,642656,TE,MIA,2500,,NE @ MIA,2022-09-11T17:00:00.0000000Z
R. John,952025,486005,TE,CHI,2500,,SF @ CHI,2022-09-11T17:00:00.0000000Z
C. Woerner,922040,485615,TE,SF,2500,0.5,SF @ CHI,2022-09-11T17:00:00.0000000Z
R. Dwelley,752665,19483,TE,SF,2500,0.8,SF @ CHI,2022-09-11T17:00:00.0000000Z
T. Hudson,1115394,20156,TE,SF,2500,0,SF @ CHI,2022-09-11T17:00:00.0000000Z
J. Matthews,555648,19584,TE,SF,2500,0,SF @ CHI,2022-09-11T17:00:00.0000000Z
T. Fumagalli,742474,18646,TE,SF,2500,,SF @ CHI,2022-09-11T17:00:00.0000000Z
C. Allen,946619,641298,TE,CHI,2500,,SF @ CHI,2022-09-11T17:00:00.0000000Z
J. Tonges,1068872,641713,TE,CHI,2500,,SF @ CHI,2022-09-11T17:00:00.0000000Z
P. Scales,402162,13028,TE,CHI,2500,0,SF @ CHI,2022-09-11T17:00:00.0000000Z
S. Sullivan,910808,485698,TE,CAR,2500,0,CLE @ CAR,2022-09-11T17:00:00.0000000Z
C. Thompson,694629,105048,TE,CAR,2500,0,CLE @ CAR,2022-09-11T17:00:00.0000000Z
J. Babicz,1067859,641238,TE,CAR,2500,,CLE @ CAR,2022-09-11T17:00:00.0000000Z
J. Scott,1062841,643082,TE,CAR,2500,,CLE @ CAR,2022-09-11T17:00:00.0000000Z
M. Forristall,913368,561318,TE,CLE,2500,0,CLE @ CAR,2022-09-11T17:00:00.0000000Z
M. Santos-Silva,1062113,641329,TE,CLE,2500,,CLE @ CAR,2022-09-11T17:00:00.0000000Z
Z. Mitchell-Paden,1289220,642636,TE,CLE,2500,,CLE @ CAR,2022-09-11T17:00:00.0000000Z
N. Griffin-Stewart,884675,485939,TE,CLE,2500,0,CLE @ CAR,2022-09-11T17:00:00.0000000Z
B. Mason,1050233,560881,TE,BAL,2500,,BAL @ NYJ,2022-09-11T17:00:00.0000000Z
N. Boyle,608753,16993,TE,BAL,2500,0.2,BAL @ NYJ,2022-09-11T17:00:00.0000000Z
C. Kolar,1058648,641020,TE,BAL,2500,,BAL @ NYJ,2022-09-11T17:00:00.0000000Z
I. Likely,1125111,641030,TE,BAL,2500,,BAL @ NYJ,2022-09-11T17:00:00.0000000Z
J. Oliver,881779,20593,TE,BAL,2500,1.1,BAL @ NYJ,2022-09-11T17:00:00.0000000Z
T. Poljan,912550,561299,TE,BAL,2500,0,BAL @ NYJ,2022-09-11T17:00:00.0000000Z
J. Ruckert,1122596,640927,TE,NYJ,2500,,BAL @ NYJ,2022-09-11T17:00:00.0000000Z
T. Wesco,919456,19724,TE,NYJ,2500,0.5,BAL @ NYJ,2022-09-11T17:00:00.0000000Z
K. Yeboah,943843,561295,TE,NYJ,2500,0.6,BAL @ NYJ,2022-09-11T17:00:00.0000000Z
K. Rader,840531,18762,TE,PIT,2500,0.4,PIT @ CIN,2022-09-11T17:00:00.0000000Z
C. Heyward,1057457,641102,TE,PIT,2500,,PIT @ CIN,2022-09-11T17:00:00.0000000Z
J. Sternberger,877598,19783,TE,PIT,2500,,PIT @ CIN,2022-09-11T17:00:00.0000000Z
M. Wilcox,885394,486165,TE,CIN,2500,0.2,PIT @ CIN,2022-09-11T17:00:00.0000000Z
T. Moss,920813,476992,TE,CIN,2500,,PIT @ CIN,2022-09-11T17:00:00.0000000Z
S. Washington,884350,486164,TE,CIN,2500,,PIT @ CIN,2022-09-11T17:00:00.0000000Z
N. Eubanks,946018,561394,TE,CIN,2500,,PIT @ CIN,2022-09-11T17:00:00.0000000Z
J. Rigg,920057,642640,TE,CIN,2500,,PIT @ CIN,2022-09-11T17:00:00.0000000Z
C. Adomitis,1061591,642616,TE,CIN,2500,,PIT @ CIN,2022-09-11T17:00:00.0000000Z
C. Harris,216309,13678,TE,CIN,2500,0,PIT @ CIN,2022-09-11T17:00:00.0000000Z
Texans,325,18500,DST,HOU,2400,5.1,IND @ HOU,2022-09-11T17:00:00.0000000Z
Steelers,356,18456,DST,PIT,2400,6.7,PIT @ CIN,2022-09-11T17:00:00.0000000Z
Giants,351,18432,DST,NYG,2300,5.1,NYG @ TEN,2022-09-11T20:25:00.0000000Z
Jets,352,18441,DST,NYJ,2300,3.4,BAL @ NYJ,2022-09-11T17:00:00.0000000Z
Vikings,347,18409,DST,MIN,2200,7.2,GB @ MIN,2022-09-11T20:25:00.0000000Z
Bears,326,18312,DST,CHI,2200,6.2,SF @ CHI,2022-09-11T17:00:00.0000000Z
Raiders,341,18388,DST,LV,2100,3.7,LV @ LAC,2022-09-11T20:25:00.0000000Z
Lions,334,18348,DST,DET,2000,3.5,PHI @ DET,2022-09-11T17:00:00.0000000Z
